Route,Month,Year,Historical_Passenger_Count,Total_Flights_Operated,Cancellation_Rate,Delay_Rate,Weather_Disruption_Rate,Seasonal_Index,Passenger_Demand,Operating_Cost,Fuel_Cost,Load_Factor,Optimal_Price
DEL-BOM,8,2019,437004,2616,0.0386,0.2673,0.0134,0.7511,417864,10988857,2679429,0.8517,5118
DEL-BOM,7,2019,379464,3060,0.0365,0.1911,0.0137,0.8788,347073,17041565,6096605,0.8311,3917
DEL-BOM,3,2019,450114,3285,0.0179,0.1938,0.0082,0.949,465738,13194529,5837719,0.6854,6673
DEL-BOM,9,2020,469708,3239,0.0192,0.2805,0.0119,0.8299,443531,10138736,3143258,0.693,5780
DEL-BOM,5,2020,519203,4187,0.0256,0.2426,0.0119,1.0941,515273,15582170,8536057,0.7098,6665
DEL-BOM,4,2020,531126,2825,0.0415,0.1963,0.0042,0.9373,565725,9066256,3550794,0.7259,6373
DEL-BOM,2,2020,530244,2897,0.014,0.2146,0.0159,0.9066,573643,13249532,5744141,0.7344,6738
DEL-BOM,1,2020,453207,2575,0.0402,0.2417,0.004,0.9654,478731,11241409,4803054,0.9075,5226
DEL-BOM,5,2021,617860,3767,0.0468,0.1056,0.0078,0.9787,625989,18823679,4038056,0.6572,5875
DEL-BOM,9,2021,480548,2515,0.0428,0.2815,0.0072,0.925,453579,11496693,4346665,0.674,3503
DEL-BOM,6,2021,512360,2739,0.0184,0.2285,0.0186,0.7313,479298,10697345,3648339,0.8061,4717
DEL-BOM,1,2021,474199,2805,0.014,0.1783,0.0137,1.0247,440304,12740952,5389873,0.8093,5305
DEL-BOM,4,2022,649101,4056,0.0157,0.2394,0.0098,1.0101,612202,22359787,5664290,0.7395,4673
DEL-BOM,12,2022,587997,3721,0.0161,0.2976,0.0113,1.0618,619425,18722483,3907979,0.8701,7674
DEL-BOM,9,2022,450200,3021,0.0158,0.1385,0.0072,0.7007,451881,16958510,3611094,0.8245,4826
DEL-BOM,5,2022,524686,3974,0.0417,0.1065,0.0086,1.0305,556663,13218030,7783083,0.8257,4667
DEL-BOM,7,2023,380312,2485,0.0322,0.1003,0.0169,0.8533,359710,11914736,4738425,0.8668,3823
DEL-BOM,3,2023,455483,3614,0.0483,0.1302,0.0101,1.0068,411355,13256206,3616111,0.7138,6042
DEL-BOM,1,2023,486282,3157,0.047,0.1382,0.0114,1.0041,472140,16884381,3946365,0.8609,5608
DEL-BOM,5,2023,661209,3653,0.0404,0.2476,0.0052,1.2487,637802,11523082,6401058,0.7516,7447
DEL-BOM,1,2024,443433,2976,0.0147,0.116,0.0114,0.877,470448,14114811,3854195,0.917,6558
DEL-BOM,8,2024,453174,3485,0.0473,0.1062,0.0156,0.7375,488568,17882147,7341010,0.8392,5062
DEL-BOM,11,2024,633767,3600,0.0172,0.1218,0.0047,1.1409,622172,12416602,7007018,0.9069,4511
DEL-BOM,2,2024,436853,3360,0.0253,0.2796,0.0179,1.0104,416765,12766798,4912551,0.8251,5042
DEL-BOM,6,2025,484929,2486,0.0186,0.1318,0.0181,0.7906,462547,8770749,5211519,0.7167,4882
DEL-BOM,9,2025,397810,2138,0.0252,0.1642,0.0063,0.9344,369786,11536839,2757069,0.6659,4842
DEL-BOM,3,2025,477711,2653,0.0234,0.2941,0.0072,0.8675,524278,14256740,5073331,0.8395,6386
BLR-DEL,1,2019,372241,1969,0.0487,0.2926,0.0066,1.0334,382290,12576205,4187537,0.7249,7993
BLR-DEL,10,2019,511253,2690,0.0456,0.1233,0.0186,1.2662,480295,19021023,5427105,0.7903,8865
BLR-DEL,6,2019,304992,1848,0.0235,0.1824,0.0105,0.8822,294890,8963336,4811066,0.6915,8854
BLR-DEL,2,2019,305406,1796,0.0137,0.1688,0.0122,0.8303,324685,13822419,5544270,0.7189,5511
BLR-DEL,10,2020,455658,3674,0.0114,0.2727,0.0135,1.1484,479661,18475083,6207676,0.7328,12776
BLR-DEL,12,2020,391937,2881,0.0378,0.1853,0.014,1.1062,398645,22068107,5187908,0.8317,8312
BLR-DEL,9,2020,301999,1911,0.0241,0.1392,0.0111,0.8752,302710,15683947,5080739,0.7323,5865
BLR-DEL,1,2020,401155,3209,0.0462,0.1718,0.0148,0.9056,362335,17736996,5496482,0.9169,9625
BLR-DEL,4,2021,475490,3602,0.0421,0.2419,0.0164,1.0165,452844,29309440,7583177,0.707,8762
BLR-DEL,6,2021,353837,2157,0.0243,0.2704,0.0097,0.8696,321459,11039363,4307124,0.7479,5662
BLR-DEL,9,2021,349108,2605,0.0369,0.1493,0.0156,0.7504,368142,15790924,4647455,0.826,7985
BLR-DEL,2,2021,375735,2646,0.0178,0.275,0.014,0.9088,340492,14946399,7897725,0.7916,6689
BLR-DEL,11,2021,402501,2340,0.0125,0.2297,0.0079,1.2011,394604,17722864,6612738,0.8801,9291
BLR-DEL,8,2022,345027,1787,0.0353,0.1894,0.0115,0.7756,337052,10340050,3101841,0.7052,8729
BLR-DEL,7,2022,301292,1969,0.0217,0.1247,0.0069,0.7271,297127,16649393,4358606,0.8325,5489
BLR-DEL,9,2022,315635,2036,0.0367,0.2237,0.0069,0.9233,299300,14337692,5120535,0.9007,9736
BLR-DEL,2,2022,352441,1958,0.044,0.2587,0.0111,1.0071,369170,14239545,3449257,0.6694,8128
BLR-DEL,1,2022,401015,2203,0.0172,0.1486,0.0112,0.9671,397097,12584838,6214073,0.8511,8812
BLR-DEL,1,2023,343611,2508,0.0196,0.2358,0.0071,1.0247,341578,18574465,4520936,0.6621,6503
BLR-DEL,5,2023,396999,2281,0.0377,0.1591,0.0054,1.0622,362073,12887090,4780232,0.8871,11522
BLR-DEL,10,2023,405340,2874,0.0301,0.1925,0.0106,1.1754,438794,17993983,6574078,0.9111,10627
BLR-DEL,3,2023,412439,2148,0.0141,0.1019,0.0159,1.0362,418666,14152403,6759289,0.7933,10225
BLR-DEL,9,2024,334039,1919,0.0348,0.2696,0.0099,0.9192,304739,9317640,2804886,0.8636,6600
BLR-DEL,1,2024,366064,1936,0.026,0.2014,0.0124,0.8073,371567,11918296,3837357,0.8421,8394
BLR-DEL,11,2024,452461,2792,0.0422,0.2933,0.0106,1.2603,426399,23603867,5881130,0.8219,9419
BLR-DEL,5,2024,389809,2784,0.0438,0.2141,0.0167,1.2029,400219,17314177,6052809,0.7423,13017
BLR-DEL,3,2025,401208,2157,0.047,0.1986,0.0069,0.9841,434270,14033770,3463821,0.8873,11116
BLR-DEL,9,2025,335469,1784,0.0139,0.1459,0.0165,0.8601,303507,10214844,3482125,0.917,9005
BLR-DEL,4,2025,382738,2753,0.0349,0.2228,0.0049,0.9513,372596,21006159,4750567,0.8249,10379
BLR-DEL,6,2025,313612,2488,0.013,0.111,0.0095,0.7377,326562,11893593,7315993,0.742,9182
BLR-DEL,12,2025,443112,2295,0.0125,0.1207,0.0155,1.1522,437715,13051721,5812612,0.6506,6353
BLR-BOM,9,2019,348287,1750,0.0424,0.2111,0.0104,0.85,381740,7187819,1780642,0.7937,4346
BLR-BOM,11,2019,411988,2574,0.026,0.247,0.0157,1.1506,374157,5963200,2549754,0.6569,4809
BLR-BOM,4,2019,375745,2291,0.0255,0.1959,0.0086,0.9748,349824,8881325,3476928,0.859,5408
BLR-BOM,9,2020,337776,2251,0.0153,0.2251,0.0192,0.7617,340659,5397944,3078740,0.8574,3982
BLR-BOM,7,2020,248628,1488,0.0238,0.1565,0.0086,0.7006,267367,5833561,1277628,0.8575,2515
BLR-BOM,5,2020,454927,2614,0.0492,0.2442,0.0045,1.008,454398,9730275,3709775,0.8126,3823
BLR-BOM,2,2020,332112,1919,0.0302,0.1752,0.0153,0.9085,328797,7294246,2239680,0.8901,2989
BLR-BOM,6,2020,312197,1927,0.0289,0.1885,0.0137,0.9475,340804,6101297,1553459,0.8508,2935
BLR-BOM,7,2021,325434,1903,0.0286,0.1726,0.0193,0.7889,324497,7116198,2554787,0.8571,2698
BLR-BOM,11,2021,423447,2550,0.0328,0.2555,0.0151,1.1058,428343,9296422,3759119,0.8338,4992
BLR-BOM,6,2021,323540,2567,0.0205,0.1678,0.0108,0.8256,321185,10194851,1924054,0.6529,3405
BLR-BOM,3,2021,320446,1634,0.0362,0.1495,0.0067,0.9887,342837,5244759,2500773,0.8859,4597
BLR-BOM,9,2021,336663,2186,0.0222,0.1857,0.0146,0.8426,332075,6353972,2375752,0.7213,3323
BLR-BOM,6,2022,295860,1486,0.0426,0.1492,0.0187,0.833,318890,5256589,1117611,0.7049,3633
BLR-BOM,8,2022,300491,2003,0.0394,0.2358,0.0186,0.7082,307717,6607289,1670822,0.8501,4218
BLR-BOM,5,2022,430770,3238,0.0198,0.191,0.0057,1.1101,440431,12106321,4089210,0.8669,3816
BLR-BOM,9,2022,289605,1524,0.0117,0.2066,0.0169,0.8857,263323,5621145,1324860,0.9046,2943
BLR-BOM,2,2022,307688,2078,0.0395,0.293,0.0078,0.8854,282970,6353552,1810601,0.8256,3028
BLR-BOM,2,2023,279444,1791,0.0276,0.1524,0.0076,0.9859,253089,5476107,1637080,0.8424,3278
BLR-BOM,4,2023,441311,2274,0.0325,0.1536,0.0053,1.1675,456508,6969586,3068331,0.7943,5121
BLR-BOM,1,2023,365608,1904,0.0491,0.2841,0.0068,0.8555,364453,7068411,2576972,0.7102,4034
BLR-BOM,10,2023,450340,3171,0.0192,0.238,0.0064,1.2307,455344,7272452,2923586,0.7567,4151
BLR-BOM,9,2024,333610,1906,0.0284,0.2881,0.0091,0.714,354141,4541729,1598390,0.9026,3712
BLR-BOM,7,2024,309227,1680,0.0243,0.1212,0.0094,0.7666,328585,6497719,1705816,0.666,2851
BLR-BOM,8,2024,336170,2211,0.0366,0.2451,0.0113,0.7198,350641,7884963,1940828,0.8061,2304
BLR-BOM,2,2024,328784,1957,0.0171,0.2959,0.0078,0.8612,310799,6679671,2417052,0.917,4350
BLR-BOM,7,2025,313356,1740,0.047,0.2597,0.0045,0.726,342781,6637481,2502091,0.7898,3168
BLR-BOM,9,2025,286386,1636,0.0193,0.1964,0.0103,0.6978,261213,4274876,1584013,0.7233,2775
BLR-BOM,3,2025,319116,1957,0.0392,0.294,0.0173,0.9457,319228,4462373,2998648,0.6917,3979
BLR-BOM,4,2025,411241,2538,0.0347,0.2504,0.0075,1.2176,393437,8534440,3103486,0.87,5341
BLR-BOM,2,2025,283606,2100,0.0454,0.1115,0.0149,0.9491,256879,8441599,1957773,0.734,4183
DEL-HYD,2,2019,202152,1026,0.0264,0.2958,0.0108,0.7718,189163,5545155,1443510,0.7378,5129
DEL-HYD,6,2019,205166,1206,0.0103,0.1803,0.0043,0.7993,220995,6531414,1312648,0.6545,4708
DEL-HYD,11,2019,257064,1772,0.014,0.1375,0.0175,1.14,263019,10562216,3948384,0.7302,9412
DEL-HYD,9,2019,210749,1325,0.0198,0.1298,0.0051,0.9115,201247,7462503,2579843,0.7873,5084
DEL-HYD,1,2019,222576,1196,0.0196,0.2519,0.0162,0.8962,219970,5893057,2633391,0.8203,5899
DEL-HYD,3,2020,248896,1422,0.0172,0.2687,0.0097,0.8574,261993,7288114,1525486,0.6742,6997
DEL-HYD,7,2020,195139,1115,0.016,0.206,0.0136,0.7993,211053,6828819,2507291,0.6849,3580
DEL-HYD,12,2020,255245,1492,0.0203,0.2385,0.0176,1.1768,253474,7348299,3389908,0.7486,8313
DEL-HYD,9,2021,205531,1500,0.0193,0.1147,0.0068,0.8846,213005,8277964,2793840,0.8831,3985
DEL-HYD,6,2021,186664,987,0.0493,0.1955,0.0164,0.934,169461,5189044,1652847,0.8013,4167
DEL-HYD,8,2021,220680,1379,0.0397,0.2848,0.0165,0.6884,211719,6012053,2741468,0.9018,5598
DEL-HYD,5,2021,278802,1437,0.0395,0.2798,0.0105,0.961,296107,7271858,2969177,0.6566,6856
DEL-HYD,11,2021,276045,1422,0.0131,0.2125,0.0147,1.2252,268622,7377893,1933255,0.6886,9326
DEL-HYD,6,2022,201016,1621,0.0485,0.1102,0.0082,0.8618,209336,6509568,2611684,0.6518,5251
DEL-HYD,11,2022,283009,2021,0.0324,0.2813,0.0159,1.131,290251,8383984,3148777,0.6598,8377
DEL-HYD,8,2022,198778,1227,0.0419,0.1947,0.0192,0.8469,204481,7242208,1378606,0.7557,3919
DEL-HYD,7,2022,189198,1478,0.0232,0.2198,0.004,0.7338,193284,7222184,2991147,0.8431,6030
DEL-HYD,12,2023,234127,1592,0.0402,0.1247,0.0059,1.0815,238725,5931814,3498814,0.7831,8348
DEL-HYD,1,2023,234111,1245,0.0276,0.2783,0.0192,0.9682,219755,6117074,2059698,0.6908,4813
DEL-HYD,8,2023,201703,1309,0.032,0.2394,0.0126,0.745,185312,5703193,2575154,0.7348,3946
DEL-HYD,9,2023,206246,1356,0.0411,0.2377,0.0147,0.7516,215873,5963586,2955332,0.7748,6470
DEL-HYD,2,2023,208295,1436,0.0445,0.2597,0.0058,0.7633,227140,4957807,1820215,0.8462,5545
DEL-HYD,4,2024,228286,1444,0.0257,0.2857,0.0075,0.9345,244470,6980694,1816380,0.8478,5770
DEL-HYD,5,2024,298698,1531,0.0287,0.1959,0.0054,1.2793,298823,9100840,1942724,0.8508,7584
DEL-HYD,1,2024,239148,1720,0.0432,0.1653,0.0189,0.8157,219211,8100959,2669756,0.7813,4834
DEL-HYD,2,2024,240257,1284,0.0448,0.1942,0.019,0.9871,246178,5121470,2939023,0.7538,3806
DEL-HYD,1,2025,226811,1532,0.0123,0.2306,0.0086,1.0137,204586,6047235,2691109,0.9197,4189
DEL-HYD,5,2025,290948,2309,0.0401,0.1684,0.0133,0.9822,294907,12641469,3231354,0.7874,7078
DEL-HYD,8,2025,194015,1060,0.0271,0.2565,0.0101,0.8121,203394,4131704,1236260,0.8013,6112
DEL-CCU,5,2019,291378,1879,0.0238,0.1532,0.0054,1.0002,299366,7328641,2676037,0.7889,6589
DEL-CCU,1,2019,246288,1578,0.014,0.2264,0.0121,0.9147,252531,9553481,2370081,0.6597,7963
DEL-CCU,8,2019,190596,1361,0.0456,0.2196,0.0168,0.6811,171596,4832002,2388015,0.8674,4771
DEL-CCU,7,2020,184910,1320,0.0156,0.109,0.0095,0.7631,173715,8202181,2812489,0.8132,6083
DEL-CCU,6,2020,176686,1338,0.0319,0.2392,0.0134,0.9394,168747,6368219,2728905,0.7571,5270
DEL-CCU,12,2020,278576,1948,0.0213,0.2732,0.0171,1.2014,280798,9790172,3069204,0.6927,5501
DEL-CCU,5,2020,255458,1627,0.0216,0.1109,0.0173,1.2587,240490,7937519,2942684,0.9183,8540
DEL-CCU,10,2020,259321,1728,0.0474,0.1991,0.0144,1.3043,275560,9818831,2282105,0.8982,9043
DEL-CCU,6,2021,211840,1569,0.0178,0.1592,0.0063,0.7369,228404,7542827,1878953,0.6679,5990
DEL-CCU,5,2021,295086,1595,0.0453,0.2495,0.0092,1.1427,293074,9506439,1852951,0.8085,8804
DEL-CCU,10,2021,242758,1957,0.0397,0.2128,0.0089,1.2912,264268,7724797,2162868,0.7801,7408
DEL-CCU,2,2022,230705,1450,0.0157,0.1367,0.0098,0.7643,246306,5031030,2712179,0.8472,4692
DEL-CCU,6,2022,216381,1126,0.0472,0.2786,0.0151,0.7475,202084,4389712,2600811,0.8267,6621
DEL-CCU,7,2022,182115,1011,0.0138,0.1385,0.0061,0.6873,172158,4837870,1606226,0.6786,6576
DEL-CCU,10,2023,303790,1972,0.0317,0.172,0.0177,1.1726,310090,12420853,3177809,0.718,10228
DEL-CCU,11,2023,243436,1901,0.0207,0.2792,0.0081,1.2237,247044,12281560,3379989,0.8262,7409
DEL-CCU,3,2023,255954,1488,0.0237,0.2941,0.0123,1.0513,232333,8662157,2384283,0.8109,8126
DEL-CCU,9,2024,191025,1591,0.0182,0.2949,0.0088,0.7794,193550,9593513,2301565,0.7246,4747
DEL-CCU,8,2024,163180,1059,0.0476,0.234,0.0127,0.8498,170477,5504544,1688713,0.9074,3966
DEL-CCU,7,2024,182718,1277,0.0117,0.1653,0.0166,0.7422,189650,4627862,1775586,0.911,6278
DEL-CCU,2,2024,212872,1531,0.0457,0.2381,0.0107,0.904,208366,5863764,2029089,0.6759,4156
DEL-CCU,9,2025,183400,965,0.0156,0.1268,0.0098,0.8008,174293,4143890,1391368,0.8663,6896
DEL-CCU,11,2025,251238,2009,0.0257,0.2923,0.0043,1.2234,233349,9132548,4550836,0.7617,6184
DEL-CCU,4,2025,250332,1584,0.0218,0.2896,0.0137,1.1806,267606,9219958,2034854,0.8986,8674
DEL-CCU,5,2025,254952,1734,0.0147,0.1598,0.0193,1.0954,253369,6944512,2820200,0.8756,5799
DEL-CCU,2,2025,177601,1376,0.0344,0.2819,0.0089,0.8331,187440,5492418,3073615,0.7351,5137
DEL-PNQ,2,2019,208709,1617,0.028,0.1616,0.015,0.828,215734,9427233,1863854,0.7715,4518
DEL-PNQ,1,2019,212469,1727,0.0424,0.1771,0.0083,0.8884,206242,9306477,2855576,0.7949,5042
DEL-PNQ,8,2019,189526,1334,0.0297,0.1122,0.0115,0.7745,178151,6645760,2589975,0.7575,5141
DEL-PNQ,3,2019,206634,1283,0.0107,0.1615,0.0131,1.0551,186697,5675827,2274132,0.8325,6983
DEL-PNQ,5,2020,249005,1546,0.0295,0.2993,0.0199,1.2182,249302,5596617,2828098,0.7082,7271
DEL-PNQ,2,2020,191929,1443,0.0205,0.1179,0.0042,0.7743,198459,7541254,2663324,0.8622,5674
DEL-PNQ,12,2020,271994,1519,0.0465,0.1886,0.0043,1.0886,268505,8424944,1879916,0.675,7140
DEL-PNQ,3,2020,197474,1002,0.039,0.1553,0.0179,0.841,215374,4497307,2049412,0.6571,4123
DEL-PNQ,9,2020,211366,1381,0.0437,0.1883,0.016,0.8211,204443,6352094,1483133,0.6913,4303
DEL-PNQ,5,2021,256468,1448,0.0255,0.2339,0.0061,0.9793,280599,5368690,2557878,0.7603,6278
DEL-PNQ,3,2021,246074,1836,0.0409,0.112,0.0052,1.0481,266121,6849731,3314355,0.6871,7397
DEL-PNQ,2,2021,194156,980,0.0225,0.284,0.0054,0.9537,177029,5423695,1752840,0.7746,4772
DEL-PNQ,2,2022,230943,1408,0.0275,0.2721,0.0125,0.8299,222468,7321032,2625482,0.9163,6023
DEL-PNQ,8,2022,176525,900,0.0381,0.1625,0.0162,0.9096,159435,3089503,1080201,0.6898,3366
DEL-PNQ,3,2022,200165,1037,0.0427,0.1337,0.0191,0.9308,204948,3352366,1362992,0.7864,5771
DEL-PNQ,5,2022,280369,2190,0.0431,0.1089,0.0191,1.0436,257942,7771551,3105916,0.7581,5083
DEL-PNQ,12,2022,261871,1423,0.0206,0.2625,0.0175,1.1278,250513,7835107,1482844,0.7153,4310
DEL-PNQ,2,2023,206554,1639,0.0475,0.1655,0.0106,0.7514,189841,7079931,2668450,0.6508,4108
DEL-PNQ,8,2023,165268,856,0.047,0.2181,0.0044,0.718,155495,4985916,964961,0.8738,4609
DEL-PNQ,12,2023,245810,1498,0.0215,0.1364,0.0086,1.031,248020,6519530,1614881,0.8289,5114
DEL-PNQ,1,2023,184119,1095,0.032,0.1156,0.0041,0.8579,172913,5179518,1817520,0.8925,6749
DEL-PNQ,11,2023,228957,1192,0.0382,0.1419,0.0169,1.0906,243153,5225358,1735417,0.683,7478
DEL-PNQ,9,2024,214340,1128,0.0344,0.1654,0.0139,0.7589,235267,4209065,1539813,0.9115,3361
DEL-PNQ,11,2024,260244,1487,0.0366,0.1582,0.0121,1.1091,271305,4869246,1714275,0.7629,5033
DEL-PNQ,3,2024,211822,1384,0.0457,0.1043,0.0065,0.9015,204072,7384437,1682268,0.7793,4191
DEL-PNQ,7,2025,160440,966,0.0145,0.2455,0.0149,0.7965,149459,3452055,1576144,0.8848,4698
DEL-PNQ,1,2025,238006,1966,0.0115,0.2234,0.0064,0.9982,240437,10823289,3119895,0.6985,6355
DEL-PNQ,12,2025,282301,1845,0.0292,0.2494,0.0195,1.0843,284139,10739379,2158726,0.8357,7367
DEL-PNQ,2,2025,222174,1133,0.0279,0.1569,0.005,0.9831,231002,5266786,1419234,0.7984,3548
DEL-SXR,2,2019,171018,1171,0.0169,0.1342,0.0059,0.7811,172006,3003218,1188853,0.6594,2673
DEL-SXR,4,2019,237459,1758,0.0316,0.2115,0.0067,1.0135,217003,4141729,1934626,0.7913,3026
DEL-SXR,5,2019,220133,1448,0.0311,0.143,0.0085,1.2869,215150,4240324,1477229,0.8706,3795
DEL-SXR,7,2020,166971,954,0.0306,0.1396,0.0133,0.8051,164994,2483685,865628,0.6629,3219
DEL-SXR,12,2020,246756,1278,0.0329,0.1319,0.0142,0.9974,245953,3232946,924053,0.7922,4803
DEL-SXR,9,2020,157820,801,0.0183,0.27,0.0041,0.8457,151621,1747415,869444,0.8664,2911
DEL-SXR,2,2020,186587,1072,0.016,0.2844,0.0127,1.0079,200287,2224657,1310289,0.7381,3759
DEL-SXR,4,2020,236918,1246,0.0351,0.2955,0.0156,1.1108,253232,3176297,1000884,0.8189,2998
DEL-SXR,6,2021,159410,1015,0.0311,0.2208,0.0151,0.8749,152596,2171905,659009,0.7308,2342
DEL-SXR,1,2021,184348,1316,0.0404,0.1031,0.0049,0.8647,186729,2901261,1320740,0.9097,3397
DEL-SXR,4,2021,216223,1279,0.0442,0.1218,0.0132,1.2023,208559,3565526,1425952,0.704,2756
DEL-SXR,7,2021,175846,1149,0.0192,0.2247,0.0191,0.838,175191,2072093,759553,0.6912,2180
DEL-SXR,5,2021,232899,1878,0.0186,0.1191,0.0148,1.0983,224528,4973289,2129861,0.8274,4827
DEL-SXR,5,2022,255644,1469,0.0424,0.1232,0.0133,1.156,234470,4528570,1332571,0.7456,3948
DEL-SXR,7,2022,194272,1471,0.0249,0.2373,0.009,0.7215,175869,2903980,1043023,0.7365,2738
DEL-SXR,12,2022,230080,1783,0.0209,0.2458,0.0185,1.1314,234167,5178357,999189,0.8491,4185
DEL-SXR,6,2022,163283,1236,0.0462,0.1218,0.0161,0.9216,147083,3753111,1435871,0.8032,2880
DEL-SXR,11,2022,208122,1107,0.0249,0.2386,0.0169,0.9658,203571,3470704,934467,0.7551,2927
DEL-SXR,7,2023,161774,1198,0.0151,0.1001,0.0074,0.7824,150043,3771566,1212091,0.8367,2630
DEL-SXR,4,2023,247221,1681,0.02,0.1594,0.0133,1.1756,233029,3749821,1038321,0.7108,3882
DEL-SXR,11,2023,254541,1524,0.0376,0.1377,0.0175,0.9406,240499,4360556,1720841,0.9163,3558
DEL-SXR,3,2023,197153,1408,0.0454,0.1086,0.0121,1.004,194005,3219231,787130,0.8634,3646
DEL-SXR,2,2023,208433,1058,0.0266,0.1258,0.0144,0.9573,226101,2108262,1294552,0.7592,3344
DEL-SXR,7,2024,178116,1060,0.0487,0.1466,0.0102,0.8801,167742,2814269,693346,0.8734,2283
DEL-SXR,11,2024,231543,1913,0.0213,0.2267,0.0163,1.123,245110,5224358,1857332,0.8804,2745
DEL-SXR,5,2024,225673,1709,0.0483,0.2925,0.0054,1.1765,232098,4959883,1204583,0.8621,4250
DEL-SXR,6,2024,183805,1341,0.0413,0.1866,0.0178,0.9284,187716,4119790,1178143,0.8738,3224
DEL-SXR,7,2025,179063,1243,0.042,0.2993,0.0075,0.7062,168806,2694464,813461,0.7728,2147
DEL-SXR,11,2025,264686,1407,0.0259,0.2551,0.0151,1.1159,259655,2722895,1416365,0.6769,2899
DEL-SXR,6,2025,160082,1250,0.0204,0.2088,0.0179,0.8593,159407,3561349,882135,0.7111,3266
DEL-SXR,1,2025,200467,1310,0.0253,0.2708,0.0094,1.009,217466,3558706,1452277,0.6734,3181
BOM-MAA,8,2019,160132,1334,0.0498,0.1897,0.0156,0.7828,175012,5677335,2428088,0.8528,5289
BOM-MAA,4,2019,195235,1122,0.0208,0.2978,0.0052,1.0177,182910,3143314,2033072,0.6652,6808
BOM-MAA,1,2019,162197,916,0.0117,0.142,0.0099,0.9539,171074,3857186,1286184,0.8146,5700
BOM-MAA,3,2019,207660,1538,0.0239,0.2237,0.006,1.0904,196405,6346225,2207570,0.8091,5185
BOM-MAA,6,2019,164145,1206,0.0167,0.263,0.0099,0.8456,180427,3924991,1487797,0.8777,4518
BOM-MAA,11,2020,211129,1426,0.0485,0.1089,0.0103,1.0372,214351,5297391,2526645,0.8209,5488
BOM-MAA,4,2020,190796,1014,0.0309,0.1307,0.0095,1.2067,198576,4776645,1392251,0.8048,5350
BOM-MAA,5,2020,229172,1660,0.05,0.1515,0.0086,1.2231,246952,7229475,2393029,0.829,5542
BOM-MAA,12,2021,201511,1352,0.029,0.2585,0.0121,1.1425,212699,6477697,1350359,0.7355,6686
BOM-MAA,11,2021,255478,1310,0.01,0.1233,0.0097,1.2248,248801,5984738,1984340,0.8298,5063
BOM-MAA,7,2021,164743,963,0.0271,0.1585,0.0181,0.8655,151369,4064206,1566338,0.7162,4754
BOM-MAA,1,2021,162513,1035,0.0388,0.1768,0.0163,1.0505,172447,4535133,1768321,0.6982,4579
BOM-MAA,5,2022,220785,1354,0.0137,0.2096,0.0041,1.2298,241605,6449994,1982845,0.7904,5169
BOM-MAA,4,2022,205048,1030,0.0437,0.1087,0.0095,1.2386,193503,3071329,1482783,0.6583,5371
BOM-MAA,2,2022,175178,1048,0.0228,0.2193,0.0041,0.7629,168259,5395702,1069197,0.8301,5105
BOM-MAA,3,2022,200813,1167,0.0212,0.1708,0.0081,0.9116,202555,4064861,1920570,0.6697,6543
BOM-MAA,8,2022,176043,907,0.0429,0.1376,0.013,0.7811,160516,3227537,931973,0.7846,2675
BOM-MAA,6,2023,174337,942,0.0367,0.164,0.0088,0.8876,170246,3766645,919860,0.6577,3438
BOM-MAA,4,2023,193621,1195,0.0229,0.1281,0.0074,1.0161,196664,4282411,1414277,0.6755,4827
BOM-MAA,11,2023,213356,1072,0.0213,0.2916,0.0123,1.02,204514,3799911,1916804,0.7508,6516
BOM-MAA,1,2023,209556,1262,0.0479,0.269,0.0195,0.9378,218191,5090212,1449643,0.8859,5758
BOM-MAA,2,2024,192960,1096,0.0478,0.1967,0.0166,0.9434,184570,3221561,1401171,0.804,3732
BOM-MAA,10,2024,219769,1801,0.0418,0.2252,0.0135,1.1355,212545,5692758,1868806,0.9141,7068
BOM-MAA,5,2024,234067,1322,0.049,0.2424,0.0091,1.0344,251392,5519027,1297735,0.7424,7213
BOM-MAA,6,2024,167461,1240,0.0133,0.1964,0.0194,0.8628,154606,6060194,1949640,0.8903,3716
BOM-MAA,11,2024,223017,1327,0.0283,0.2201,0.0066,1.2235,230066,5806450,1877067,0.8244,5423
BOM-MAA,4,2025,238350,1295,0.0227,0.1827,0.0086,1.2178,217392,6516806,1829138,0.7107,4454
BOM-MAA,3,2025,184190,1040,0.0435,0.1399,0.0173,1.081,171444,3809524,1943939,0.88,4495
BOM-MAA,9,2025,153674,898,0.0463,0.2644,0.0096,0.7396,154935,3904624,1595094,0.9079,4580
DEL-AMD,5,2019,208748,1449,0.0404,0.2571,0.0156,1.1111,200834,4746630,1525991,0.775,3227
DEL-AMD,8,2019,143395,949,0.0434,0.2641,0.0079,0.7083,153623,3562725,724364,0.8543,3804
DEL-AMD,3,2019,190988,1308,0.0162,0.2075,0.0106,0.9723,189145,4109492,1497527,0.6941,3792
DEL-AMD,10,2020,200637,1277,0.0269,0.2963,0.0078,1.2238,187273,4885109,1781350,0.676,4563
DEL-AMD,3,2020,171459,1339,0.0197,0.1916,0.0097,0.9997,170936,4552990,1481968,0.6671,4877
DEL-AMD,5,2020,230016,1900,0.0192,0.2711,0.0186,1.0694,215725,3952346,1361023,0.658,4357
DEL-AMD,11,2020,236668,1834,0.0204,0.2603,0.0098,1.0733,223361,5660857,1851301,0.7085,5780
DEL-AMD,11,2021,243521,1274,0.0173,0.2979,0.0092,1.0464,240197,4419638,1429486,0.87,4417
DEL-AMD,6,2021,189756,1482,0.0181,0.1534,0.0122,0.7736,184065,3480084,2065017,0.8367,2567
DEL-AMD,2,2021,182589,1285,0.0213,0.1758,0.0043,0.8141,189239,3014014,883259,0.8763,3751
DEL-AMD,4,2022,197156,1005,0.0382,0.2827,0.0194,1.1088,199782,2249775,946605,0.6622,4376
DEL-AMD,2,2022,165139,907,0.0382,0.1661,0.0124,0.9436,165840,2968883,915988,0.7788,2283
DEL-AMD,12,2022,218298,1666,0.0194,0.224,0.0131,1.001,238234,3909237,1753023,0.6984,4031
DEL-AMD,11,2023,221626,1178,0.018,0.2092,0.0079,1.0543,203775,4112653,1468769,0.7829,3596
DEL-AMD,4,2023,205070,1367,0.0156,0.1358,0.014,1.0706,216260,5191886,1297002,0.778,4934
DEL-AMD,8,2023,173177,956,0.0204,0.1416,0.0141,0.749,177805,2472208,739678,0.8908,3631
DEL-AMD,7,2023,148097,1073,0.0197,0.1272,0.0159,0.7192,159877,3052727,733011,0.9094,2372
DEL-AMD,3,2024,216354,1156,0.041,0.1722,0.0147,1.0009,203573,2788805,1148157,0.8449,3096
DEL-AMD,6,2024,184340,1365,0.0463,0.2203,0.017,0.9432,172090,4233998,1140767,0.7695,3599
DEL-AMD,7,2024,147225,822,0.0264,0.207,0.0119,0.7602,135485,1960572,823902,0.8626,3226
DEL-AMD,4,2024,244304,1462,0.0328,0.2072,0.018,1.1662,260770,3581434,2014562,0.8015,2996
DEL-AMD,4,2025,230269,1555,0.0171,0.1365,0.0056,1.0637,248427,4764657,1037573,0.6753,4472
DEL-AMD,10,2025,211917,1308,0.0222,0.2747,0.008,1.0299,229437,4000406,862626,0.8012,3960
DEL-AMD,3,2025,191994,1443,0.0353,0.2272,0.0123,0.8614,208789,4540913,1706585,0.7836,3334
DEL-AMD,6,2025,164671,909,0.0488,0.2012,0.0185,0.8628,164397,2205668,908011,0.7195,2804
DEL-AMD,8,2025,182041,1016,0.0438,0.2617,0.0185,0.7468,165855,3694371,678426,0.8474,2664
DEL-MAA,9,2019,169256,956,0.0334,0.1431,0.0123,0.789,167860,7218449,2474023,0.769,5796
DEL-MAA,2,2019,146967,1157,0.0399,0.154,0.0137,0.896,134132,9742840,3143112,0.7181,9195
DEL-MAA,5,2019,225785,1233,0.0249,0.1668,0.0079,1.2574,228380,8168955,1952191,0.8286,7888
DEL-MAA,7,2019,139899,804,0.012,0.1721,0.0135,0.8407,139677,7052163,2198692,0.8888,8023
DEL-MAA,3,2019,201153,1042,0.0387,0.288,0.0169,0.9374,213632,7654677,2152958,0.764,8947
DEL-MAA,10,2020,235331,1782,0.0129,0.1601,0.0071,1.3191,250070,14730442,3170314,0.6557,11546
DEL-MAA,9,2020,161977,1208,0.0328,0.182,0.0105,0.7132,159316,9247502,2460955,0.8802,8010
DEL-MAA,7,2020,139735,1083,0.0119,0.1176,0.0134,0.8156,133988,8975612,2541915,0.7566,6941
DEL-MAA,10,2021,242239,1295,0.021,0.157,0.0081,1.0281,232866,9568398,3698623,0.6698,9065
DEL-MAA,7,2021,139928,1101,0.049,0.1583,0.0186,0.8744,152804,6748711,1907861,0.6963,7426
DEL-MAA,11,2021,222932,1797,0.0146,0.2357,0.0063,1.2072,208482,12853825,5124836,0.9088,10366
DEL-MAA,6,2021,146049,1081,0.0367,0.2645,0.0104,0.7339,137417,5472356,3048087,0.8366,6543
DEL-MAA,3,2022,186677,1228,0.0289,0.1671,0.0092,0.9522,170390,7974560,2515928,0.6527,10299
DEL-MAA,6,2022,174437,1441,0.0437,0.2322,0.0048,0.8362,179355,7933705,3993185,0.7761,5779
DEL-MAA,12,2022,232412,1204,0.0135,0.1232,0.0131,1.139,239466,9897646,3108092,0.908,7840
DEL-MAA,9,2022,176662,1064,0.0219,0.1164,0.0082,0.7106,172650,6621706,2044650,0.7564,5840
DEL-MAA,12,2023,181491,1055,0.0166,0.166,0.0041,1.1774,190281,5668405,1922180,0.9147,8047
DEL-MAA,1,2023,188791,1048,0.0485,0.1442,0.005,0.8073,206842,6791421,3221681,0.888,7577
DEL-MAA,11,2023,211749,1680,0.0136,0.25,0.0154,1.0349,211410,7933350,3451747,0.8087,12961
DEL-MAA,5,2023,186992,1254,0.0298,0.1995,0.0116,1.2593,178030,9880744,3429458,0.9169,7300
DEL-MAA,5,2024,221130,1170,0.0169,0.2775,0.0127,1.1865,234638,9608353,3215032,0.6669,13631
DEL-MAA,6,2024,155079,838,0.0333,0.1237,0.0144,0.8418,165581,4214580,2256100,0.7571,6639
DEL-MAA,8,2024,172161,896,0.0217,0.1762,0.0051,0.7148,169043,4600094,2868366,0.807,4676
DEL-MAA,2,2025,170059,1024,0.0491,0.1078,0.0152,0.8217,176114,6272418,3117356,0.8272,6161
DEL-MAA,1,2025,199008,1267,0.0302,0.2966,0.008,0.8866,202431,9663960,1913252,0.8623,5956
DEL-MAA,9,2025,143790,1041,0.0478,0.1176,0.011,0.7446,156753,5780941,1933923,0.741,5442
DEL-MAA,7,2025,130525,974,0.0368,0.2568,0.0183,0.7548,141204,8302283,1789910,0.667,8446
BOM-HYD,11,2019,199440,1546,0.016,0.1077,0.0192,1.1867,197452,3373540,1034396,0.8552,2428
BOM-HYD,3,2019,172429,879,0.0132,0.1287,0.0096,1.0399,168155,2277478,488316,0.6904,2998
BOM-HYD,8,2019,138917,992,0.0408,0.1677,0.0173,0.8122,148695,2087424,680189,0.7353,1997
BOM-HYD,1,2019,178876,1490,0.0168,0.2071,0.0132,0.8066,195434,2729238,1025545,0.7833,3325
BOM-HYD,12,2019,198782,1603,0.0263,0.1931,0.0103,0.9725,181981,4643950,985170,0.8113,3028
BOM-HYD,9,2020,173694,1113,0.0216,0.225,0.0085,0.7274,169485,2623972,966227,0.8816,2866
BOM-HYD,11,2020,217536,1272,0.0226,0.2226,0.0122,1.1948,222319,2732456,796432,0.7579,3194
BOM-HYD,12,2020,215702,1211,0.03,0.1808,0.009,0.9026,197988,2653418,1350543,0.7135,2529
BOM-HYD,7,2021,130289,880,0.0463,0.2331,0.0046,0.8632,128292,1744533,576750,0.8373,1526
BOM-HYD,10,2021,220825,1180,0.018,0.2637,0.0152,1.0023,236624,3184547,1235228,0.8568,3574
BOM-HYD,1,2021,182764,923,0.014,0.1346,0.0076,1.0418,168759,2162164,957836,0.8681,2542
BOM-HYD,4,2021,192191,1171,0.021,0.2346,0.0096,1.1104,173613,2642131,1070879,0.8606,3101
BOM-HYD,9,2021,167340,996,0.0369,0.1791,0.0142,0.7097,176584,2393022,943513,0.7196,1832
BOM-HYD,12,2022,175551,900,0.0158,0.1331,0.0086,0.9897,176241,2536210,677562,0.6999,3503
BOM-HYD,4,2022,218646,1467,0.0277,0.1404,0.0125,0.9931,217887,3177480,1589636,0.8409,3005
BOM-HYD,10,2022,187529,1202,0.0168,0.2025,0.0075,0.9958,194943,2360292,1284938,0.6795,3541
BOM-HYD,11,2022,198460,1481,0.046,0.1755,0.0185,1.205,199678,3440882,1627650,0.6799,3785
BOM-HYD,10,2023,204453,1064,0.0394,0.2476,0.0066,1.0699,200009,2580485,725425,0.875,4214
BOM-HYD,5,2023,189681,987,0.0484,0.1892,0.0058,1.026,207710,1830435,841541,0.8215,3874
BOM-HYD,8,2023,145702,1204,0.0105,0.1877,0.0106,0.9133,148073,2101091,1215790,0.8238,2488
BOM-HYD,1,2023,150320,933,0.0465,0.1936,0.0183,0.8114,153985,2539882,999700,0.7434,2898
BOM-HYD,11,2024,231899,1525,0.0189,0.1523,0.012,1.0249,225587,4700397,1106890,0.838,4167
BOM-HYD,8,2024,167704,1004,0.0145,0.2979,0.0117,0.8419,169328,1668687,1003294,0.7896,2295
BOM-HYD,1,2024,169627,878,0.0259,0.1998,0.0187,1.0383,155009,1923158,704743,0.9083,3505
BOM-HYD,4,2024,183817,1026,0.0397,0.2392,0.0062,1.0506,170393,2920020,677921,0.6842,3943
BOM-HYD,3,2024,188735,1509,0.0204,0.154,0.0132,0.8396,207372,3442642,1597824,0.7424,2657
BOM-HYD,10,2025,245330,1284,0.0157,0.1545,0.0171,1.0646,259757,3868572,1047042,0.7036,3941
BOM-HYD,7,2025,167213,1038,0.0125,0.1717,0.0195,0.734,177096,2074473,1060128,0.6649,3118
BOM-HYD,6,2025,140406,1002,0.024,0.2433,0.0058,0.8875,128909,1996585,1072812,0.6618,3135
BLR-HYD,8,2019,134124,709,0.0315,0.1299,0.0084,0.9184,133279,1248152,329951,0.855,1850
BLR-HYD,6,2019,133946,984,0.0133,0.2362,0.0174,0.8309,135843,2323266,767840,0.7286,2520
BLR-HYD,12,2019,201172,1123,0.0195,0.1605,0.009,0.9137,185988,2137272,496859,0.6613,1929
BLR-HYD,11,2019,183142,1071,0.0177,0.2451,0.0084,1.1815,196963,1527622,936851,0.6737,3322
BLR-HYD,10,2020,224191,1273,0.0125,0.2722,0.0076,1.1396,243851,2225511,1052258,0.9191,2936
BLR-HYD,4,2020,218343,1219,0.0384,0.1108,0.0078,1.1094,214268,1684190,544717,0.8709,2020
BLR-HYD,7,2020,126815,960,0.0495,0.2954,0.0187,0.7306,130770,1581771,777113,0.8019,2266
BLR-HYD,9,2020,137291,780,0.0361,0.1609,0.0178,0.766,136698,1366705,572574,0.8474,1857
BLR-HYD,2,2021,152407,976,0.036,0.1075,0.0083,0.7499,162503,2298952,549160,0.793,2154
BLR-HYD,3,2021,159889,1087,0.0224,0.134,0.0094,0.9345,169464,2017798,913723,0.8628,2011
BLR-HYD,5,2021,222433,1316,0.0319,0.2158,0.0099,1.0113,221640,2089062,669845,0.708,2823
BLR-HYD,12,2021,208974,1471,0.019,0.1241,0.0086,1.077,199787,3006544,766923,0.8236,3159
BLR-HYD,10,2022,199498,1223,0.0224,0.1268,0.0105,1.2422,185211,1797257,557093,0.6737,2176
BLR-HYD,12,2022,172007,1237,0.0136,0.2799,0.0175,1.2035,167405,2317591,645150,0.8076,3272
BLR-HYD,7,2022,157361,1300,0.0493,0.1073,0.0079,0.7904,144957,2389829,1023431,0.7956,1332
BLR-HYD,8,2022,143831,803,0.0334,0.1192,0.0152,0.7282,153773,1659618,690971,0.6632,2391
BLR-HYD,11,2022,176240,922,0.0345,0.1165,0.0061,0.9736,188031,1308808,800167,0.6508,2953
BLR-HYD,9,2023,157206,827,0.0307,0.241,0.0198,0.8326,152891,1185246,584177,0.8002,2005
BLR-HYD,10,2023,202376,1686,0.0359,0.1246,0.014,0.9881,208465,3581147,1064766,0.8584,2882
BLR-HYD,3,2023,159670,835,0.0357,0.2152,0.0044,0.8309,153643,1769416,464438,0.819,2549
BLR-HYD,7,2023,151411,1105,0.0476,0.2585,0.0142,0.7186,156274,1798055,816131,0.8114,2111
BLR-HYD,2,2024,163978,1146,0.0421,0.2749,0.0046,0.9132,173180,2863681,915791,0.7606,1724
BLR-HYD,11,2024,218444,1315,0.0179,0.2399,0.0172,1.1408,208789,1842329,671551,0.702,2310
BLR-HYD,7,2024,159249,1020,0.0235,0.2212,0.0096,0.7629,149437,1839762,826348,0.866,2022
BLR-HYD,8,2025,128573,813,0.039,0.1672,0.0041,0.8964,130468,1911156,508010,0.6736,2152
BLR-HYD,11,2025,206284,1178,0.0319,0.1932,0.0129,0.9444,226571,2391699,634817,0.8916,3348
BLR-HYD,2,2025,158102,1295,0.0463,0.1831,0.012,0.9019,165173,3132897,751221,0.651,2140
BLR-HYD,12,2025,179942,1058,0.0124,0.125,0.006,1.075,184747,2559329,453724,0.6507,1775
BLR-HYD,5,2025,202774,1039,0.0301,0.1705,0.0107,1.2536,196015,1825652,822835,0.7354,3335
BOM-AMD,9,2019,149895,861,0.0308,0.201,0.0162,0.7642,158456,1745795,349499,0.904,1708
BOM-AMD,10,2019,177436,1207,0.0236,0.2939,0.0075,1.3148,173480,1691574,934317,0.8528,2182
BOM-AMD,1,2019,176701,1436,0.0304,0.138,0.0065,1.0007,193435,2701392,990337,0.7218,1692
BOM-AMD,11,2020,208822,1644,0.0437,0.2248,0.0159,1.0301,202255,3164351,1083442,0.6535,2075
BOM-AMD,5,2020,174520,913,0.0114,0.1777,0.0142,1.2169,182166,1512302,611147,0.9158,2840
BOM-AMD,7,2020,122129,656,0.0402,0.2018,0.0187,0.7331,131375,1264483,246878,0.6662,1502
BOM-AMD,2,2020,137296,1116,0.0444,0.13,0.0155,0.8769,144818,2122455,540293,0.7529,1797
BOM-AMD,9,2021,130505,1069,0.0289,0.2845,0.0172,0.81,125834,2214615,683667,0.7649,1720
BOM-AMD,4,2021,197176,995,0.025,0.1905,0.0064,1.1322,199860,2156957,680409,0.914,3125
BOM-AMD,3,2021,159609,950,0.0331,0.1618,0.0044,1.0177,161852,1614278,512414,0.7488,1705
BOM-AMD,4,2022,216982,1399,0.0334,0.1724,0.005,0.9308,224754,2474373,559886,0.9009,3003
BOM-AMD,5,2022,191210,1080,0.0292,0.1525,0.0187,1.0637,176740,1771294,511851,0.8486,2607
BOM-AMD,3,2022,159112,1136,0.0251,0.1278,0.0071,0.9779,155617,2187875,897919,0.8208,1899
BOM-AMD,1,2022,181173,1017,0.0149,0.1504,0.0156,0.9731,166527,1443069,519924,0.8836,2572
BOM-AMD,11,2022,194118,1578,0.0326,0.1997,0.013,1.1172,184670,2994552,1057156,0.7978,2835
BOM-AMD,6,2023,149496,1107,0.0375,0.2593,0.0062,0.9728,147436,1469677,436882,0.7156,2125
BOM-AMD,11,2023,204966,1552,0.0279,0.1895,0.0077,1.0988,216190,3180611,1085509,0.6792,1685
BOM-AMD,5,2023,207533,1098,0.0247,0.2213,0.0152,1.2801,194303,1551857,574849,0.9074,2191
BOM-AMD,2,2023,149361,957,0.0326,0.1936,0.0134,0.8795,140512,1972689,574880,0.7022,2286
BOM-AMD,12,2024,168067,1313,0.0315,0.1022,0.0086,1.0665,176097,2449398,525905,0.9125,2643
BOM-AMD,8,2024,142730,1089,0.0399,0.1342,0.0182,0.8248,136830,2280888,703865,0.7221,1927
BOM-AMD,1,2024,165481,924,0.0221,0.1996,0.0153,1.0283,168318,2013726,448972,0.8516,1633
BOM-AMD,11,2024,170324,877,0.0482,0.1905,0.0166,1.188,162608,1796892,330300,0.7989,2800
BOM-AMD,7,2025,151127,1127,0.0274,0.2196,0.0079,0.7113,153767,1447019,693767,0.8981,1376
BOM-AMD,10,2025,192162,1298,0.0169,0.1466,0.0041,1.3104,177446,2838573,805078,0.8958,2309
BOM-AMD,4,2025,199711,1349,0.031,0.1623,0.0045,1.1018,189297,2098746,709800,0.7223,1950
BOM-AMD,8,2025,136988,787,0.0392,0.1159,0.0191,0.7814,130814,1491930,467085,0.6929,1866
BLR-CCU,5,2019,176110,1151,0.0386,0.1844,0.0047,1.2127,168193,5426362,2936833,0.871,6363
BLR-CCU,7,2019,118382,896,0.0391,0.2963,0.0117,0.7973,125233,6578300,1690277,0.6562,5106
BLR-CCU,6,2019,118795,649,0.0251,0.1339,0.0119,0.7359,117809,3807701,1733558,0.8533,6088
BLR-CCU,5,2020,169933,871,0.0271,0.2461,0.0144,1.0232,163426,5509376,2024215,0.6727,5674
BLR-CCU,2,2020,148705,790,0.0281,0.2077,0.0087,0.9114,134557,3503515,1042521,0.7941,8208
BLR-CCU,6,2020,157781,928,0.0358,0.2873,0.0175,0.7901,149538,5697048,1882839,0.8692,5244
BLR-CCU,1,2020,167351,876,0.0426,0.2285,0.0134,0.9205,172088,3679130,2243979,0.9042,6787
BLR-CCU,12,2020,161500,1323,0.033,0.1733,0.0195,1.1304,166921,6316220,2078522,0.8397,6694
BLR-CCU,7,2021,135763,682,0.0222,0.1109,0.0096,0.7272,128516,3229849,1119298,0.678,5475
BLR-CCU,12,2021,191662,1521,0.0398,0.2435,0.0086,0.8973,191724,11629681,4190474,0.9019,9935
BLR-CCU,6,2021,132381,689,0.0442,0.1299,0.0045,0.7566,128144,4924304,1181808,0.9199,6719
BLR-CCU,1,2021,158580,817,0.0419,0.1541,0.0135,0.8254,151760,4957338,1359595,0.7472,9213
BLR-CCU,5,2022,161043,952,0.0433,0.2216,0.0089,1.1881,172602,3969400,1945845,0.7418,10987
BLR-CCU,12,2022,168949,903,0.0203,0.1255,0.0152,1.0559,183193,4638581,2043215,0.6578,10454
BLR-CCU,3,2022,172251,916,0.0406,0.1197,0.0063,0.9889,162976,5380042,1826965,0.8302,5099
BLR-CCU,7,2022,113648,579,0.0134,0.1541,0.0054,0.8097,110956,3493909,796993,0.7159,6161
BLR-CCU,6,2022,147997,870,0.0221,0.1974,0.006,0.8374,157767,4130963,1776380,0.9045,6800
BLR-CCU,2,2023,123393,709,0.047,0.1156,0.0163,0.8026,125816,5053117,1114196,0.878,9028
BLR-CCU,9,2023,151683,798,0.0383,0.1943,0.0124,0.91,155688,3334676,1133034,0.9017,7054
BLR-CCU,12,2023,157747,1080,0.0199,0.1098,0.0189,0.8952,159314,5142238,2071835,0.7191,7593
BLR-CCU,6,2023,128451,658,0.0335,0.1975,0.0096,0.8534,130656,3273198,956491,0.779,6503
BLR-CCU,7,2023,137395,780,0.0444,0.1325,0.0117,0.7061,129106,3340484,2133834,0.7927,4969
BLR-CCU,8,2024,121711,637,0.0264,0.1187,0.0178,0.7264,121061,2800437,1423815,0.8119,6300
BLR-CCU,12,2024,147297,791,0.037,0.1038,0.0052,0.9412,137901,4438619,1176340,0.8501,9121
BLR-CCU,11,2024,156205,1157,0.0211,0.2305,0.0045,0.9676,151273,5475003,1708891,0.7796,8525
BLR-CCU,3,2025,159275,1041,0.0169,0.1336,0.0054,0.9766,164708,5035507,2852981,0.8294,5927
BLR-CCU,2,2025,131966,1099,0.0355,0.1787,0.0079,0.93,136122,6542084,1712991,0.7533,4769
BLR-CCU,9,2025,151621,833,0.0253,0.1388,0.0101,0.7604,153456,5491167,2078400,0.8942,7535
BLR-PNQ,1,2019,122318,994,0.0434,0.1279,0.0172,0.9307,127779,2019323,1135345,0.8586,2780
BLR-PNQ,2,2019,147402,1208,0.0153,0.2391,0.0062,0.9943,161001,4240937,1473748,0.6964,3130
BLR-PNQ,4,2019,159905,811,0.0476,0.1976,0.0043,1.0473,147852,1860570,730560,0.7398,3823
BLR-PNQ,12,2019,139287,1141,0.0322,0.1884,0.0079,0.8967,149432,3745565,756890,0.8341,4703
BLR-PNQ,11,2019,150176,1155,0.0243,0.2167,0.0137,1.0828,163298,3644178,781781,0.8459,5505
BLR-PNQ,3,2020,121397,705,0.0471,0.23,0.0172,1.0665,125836,2029925,557906,0.7896,3504
BLR-PNQ,1,2020,130009,1031,0.0263,0.1972,0.0157,0.8806,119931,3766973,807555,0.7812,4238
BLR-PNQ,4,2020,148512,1207,0.0241,0.2243,0.0058,1.2035,149283,4063998,1502027,0.8076,4322
BLR-PNQ,2,2021,144716,910,0.0166,0.1097,0.0111,0.7802,149980,2550387,1024455,0.7226,2262
BLR-PNQ,12,2021,133309,690,0.0287,0.1074,0.0173,0.9559,138159,1991256,906951,0.7237,4057
BLR-PNQ,9,2021,135226,772,0.0299,0.109,0.0147,0.8009,128707,1903182,870687,0.7838,3266
BLR-PNQ,5,2021,166508,1088,0.0409,0.2395,0.0095,1.224,179133,2810601,737966,0.7725,3243
BLR-PNQ,11,2022,183770,1435,0.0392,0.1205,0.0081,1.1556,168240,5155302,1406434,0.841,3665
BLR-PNQ,7,2022,112170,714,0.0304,0.1536,0.0146,0.7568,108589,2156097,897362,0.666,3434
BLR-PNQ,4,2022,176159,1018,0.0421,0.2781,0.0055,1.0499,189118,3045812,1218703,0.7507,4580
BLR-PNQ,3,2022,138696,704,0.0429,0.1789,0.0067,1.0096,129141,1735384,869327,0.8955,3124
BLR-PNQ,6,2022,121779,775,0.0439,0.1363,0.01,0.9308,120326,2788738,969585,0.7502,2257
BLR-PNQ,2,2023,116294,901,0.0408,0.16,0.0127,0.8056,117534,1840766,788302,0.6724,2545
BLR-PNQ,7,2023,126969,913,0.0384,0.228,0.0127,0.8493,127545,3217889,1046437,0.7531,2766
BLR-PNQ,11,2023,161044,884,0.0137,0.1241,0.0159,1.0485,163874,1896596,684906,0.7187,4765
BLR-PNQ,3,2024,129587,1062,0.0378,0.1331,0.0187,0.927,119554,2502684,1034070,0.8939,3880
BLR-PNQ,11,2024,139611,956,0.0312,0.104,0.0092,1.1147,143858,2462150,601476,0.9151,2974
BLR-PNQ,1,2024,128809,836,0.0318,0.2993,0.0046,0.9697,128247,2419581,874585,0.8507,4083
BLR-PNQ,9,2024,125058,947,0.0346,0.2628,0.0078,0.7698,132973,3160287,1106917,0.7532,2852
BLR-PNQ,5,2025,171423,1071,0.0456,0.1811,0.0136,1.0951,184438,2600867,978856,0.6578,4380
BLR-PNQ,8,2025,121576,736,0.0429,0.2128,0.0133,0.7072,129681,1700472,927103,0.7452,3353
BLR-PNQ,3,2025,160578,1016,0.0238,0.1634,0.0132,0.929,148654,2097157,949575,0.6764,2922
BLR-PNQ,2,2025,117419,631,0.0112,0.2494,0.0118,0.7933,116268,1959802,567979,0.7997,3717
BLR-PNQ,4,2025,166366,875,0.0331,0.1242,0.0185,1.0453,166731,2497444,980596,0.6671,3356
